{ "id": 0, "name": "Short name", "subtitle": "Short sub which is way too long because my function is just the best function in the world oh my god im so happy yeah that's cool!", "author": "Valentin Ahrend", "information": "This is the first library ever uploaded to this application and i am very proud of it.", "uid": "ValentinAhrend/ExsentFunctionA", "version": "1.0", "icn": "FunctionA", "icp": "com.exsent.app.example", "color": "#FF00FF", "beta": true, "private": false, "own_url":"https://github.com/ValentinAhrend/ExsentFunctionA/raw/main/Contents.zip","src_url": "https://github.com/ValentinAhrend/ExsentFunctionA/raw/main/Source.jar"}