{ "n": "FunctionABX", "s": "Short sub which is way too long because my function is just the best function in the world oh my god im so happy yeah that's cool!", "a": "Valentin Ahrend", "i": "This is the first library ever uploaded to this application and i am very proud of it.",  "v": "1.0", "ic": "com.exsent.app.example.FunctionAB", "b": true, "o":"https://raw.githubusercontent.com/ValentinAhrend/ExsentFunctionA/main/Contents.zip","su": "https://raw.githubusercontent.com/ValentinAhrend/ExsentFunctionA/main/Source.jar","u": "https://raw.githubusercontent.com/ValentinAhrend/ExsentFunctionA/main/Focus.zip","d": "https://projectad.de","c": 1,"l": "1,2", "x":5}